MODIFIED_ZCTA,NEIGHBORHOOD_NAME,BOROUGH_GROUP,label,lat,lon,COVID_CONFIRMED_CASE_COUNT,COVID_PROBABLE_CASE_COUNT,COVID_CASE_COUNT,COVID_CONFIRMED_CASE_RATE,COVID_CASE_RATE,POP_DENOMINATOR,COVID_CONFIRMED_DEATH_COUNT,COVID_PROBABLE_DEATH_COUNT,COVID_DEATH_COUNT,COVID_CONFIRMED_DEATH_RATE,COVID_DEATH_RATE,PERCENT_POSITIVE,TOTAL_COVID_TESTS,COUNT_POSITIVE
11368,Corona/North Corona,Queens,11368,40.749594,-73.852604,28895,4281,33176,26180.17,30058.95,110369.78,585,65,650,530.04,588.93,23.42,118382,27725.064400000003
11385,Glendale/Ridgewood,Queens,11385,40.701058,-73.890159,27364,4170,31534,26409.26,30433.76,103615.19,290,41,331,279.88,319.45,27.62,93984,25958.3808
11373,Elmhurst,Queens,11373,40.738823,-73.8785,26873,4137,31010,29319.51,33833.14,91655.7,411,73,484,448.42,528.06,25.11,102449,25724.9439
11377,Woodside,Queens,11377,40.744823,-73.90516,24528,4160,28688,29183.29,34132.83,84048.11,350,64,414,416.43,492.58,25.46,92289,23496.7794
11355,Flushing/Murray Hill/Queensboro Hill,Queens,11355,40.751459,-73.821014,20372,3210,23582,25835.45,29906.32,78852.89,399,64,463,506.01,587.17,25.01,78751,19695.625100000005
11691,Edgemere/Far Rockaway,Queens,11691,40.60133,-73.761357,18843,1805,20648,28184.33,30884.15,66856.31,541,79,620,809.2,927.36,26.82,67905,18212.121
11372,Jackson Heights,Queens,11372,40.75169,-73.883634,17810,3077,20887,29349.38,34420.01,60682.72,382,48,430,629.5,708.6,24.14,70206,16947.7284
11375,Forest Hills,Queens,11375,40.720931,-73.846184,16339,2666,19005,22926.62,26667.5,71266.52,344,32,376,482.7,527.6,23.34,66842,15600.9228
11434,Airport/South Jamaica/Springfield Gardens/St. Albans,Queens,11434,40.656866,-73.783386,15833,2901,18734,23715.1,28060.3,66763.37,327,50,377,489.79,564.68,23.8,63874,15202.012
11432,Hillcrest/Jamaica Estates/Jamaica Hills,Queens,11432,40.715359,-73.793064,15334,2428,17762,25239.2,29235.59,60754.71,382,64,446,628.76,734.1,23.02,63989,14730.2678
11435,Briarwood/Jamaica,Queens,11435,40.701291,-73.809618,13678,2936,16614,23415.2,28441.3,58415.04,263,34,297,450.23,508.43,24.15,54276,13107.654
11354,Flushing/Murray Hill,Queens,11354,40.76863,-73.827229,12865,2331,15196,23859.93,28183.1,53918.85,486,50,536,901.35,994.09,23.17,54363,12595.9071
11421,Woodhaven,Queens,11421,40.69405,-73.85867,12791,1438,14229,31937.98,35528.53,40049.5,186,17,203,464.43,506.87,30.07,40399,12147.9793
11419,Richmond Hill/South Ozone Park,Queens,11419,40.688676,-73.822901,12711,1887,14598,26205.59,30095.92,48504.92,199,27,226,410.27,465.93,26.11,46753,12207.2083
11420,South Ozone Park,Queens,11420,40.673518,-73.817812,12563,1859,14422,26263.17,30149.44,47835.06,203,21,224,424.37,468.28,26.37,45457,11987.0109
11374,Rego Park,Queens,11374,40.726441,-73.861497,11918,1747,13665,28791.79,33012.24,41393.74,190,19,209,459.01,504.91,25.98,43481,11296.363800000001
11101,Astoria (South)/Long Island City/Sunnyside,Queens,11101,40.747077,-73.938586,11443,2491,13934,31065.11,37827.6,36835.54,86,22,108,233.47,293.2,19.54,55837,10910.549799999999
11369,Airport/East Elmhurst,Queens,11369,40.768944,-73.872812,10991,1857,12848,32684.32,38206.55,33627.74,242,46,288,719.64,856.44,24.85,42095,10460.607500000002
11103,Astoria (North)/Astoria (South),Queens,11103,40.762536,-73.913541,10394,2303,12697,29750.37,36342.16,34937.39,112,21,133,320.57,380.68,25.14,39202,9855.382800000001
11418,Richmond Hill,Queens,11418,40.700236,-73.836062,10289,1304,11593,27374.85,30844.26,37585.6,154,15,169,409.73,449.64,26.91,36405,9796.585500000001
11413,Laurelton/Rosedale,Queens,11413,40.669738,-73.750842,10028,1633,11661,23209.27,26988.76,43206.88,182,18,200,421.23,462.89,25.15,37993,9555.2395
11412,St. Albans,Queens,11412,40.698095,-73.758984,9856,1526,11382,25870.41,29875.91,38097.58,153,16,169,401.6,443.6,25.74,36123,9298.060199999998
11106,Astoria (South),Queens,11106,40.761792,-73.931771,9778,1861,11639,26124.39,31096.52,37428.62,122,30,152,325.95,406.11,23.56,39656,9342.9536
11367,Kew Gardens Hills/Pomonok,Queens,11367,40.730383,-73.826297,9718,2372,12090,23891.22,29722.66,40676.04,133,16,149,326.97,366.31,23.78,38790,9224.262
11357,Whitestone,Queens,11357,40.78639,-73.810964,9684,1990,11674,25013.71,30153.87,38714.77,181,24,205,467.52,529.51,25.29,36868,9323.9172
11378,Maspeth,Queens,11378,40.724768,-73.909399,9442,2226,11668,26122.24,32280.69,36145.45,127,18,145,351.36,401.16,26.25,34392,9027.9
11365,Auburndale/Fresh Meadows/Pomonok/Utopia,Queens,11365,40.739775,-73.794806,9376,2498,11874,21399.03,27100.26,43815.08,152,20,172,346.91,392.56,22.75,39625,9014.6875
11379,Middle Village,Queens,11379,40.716758,-73.879597,9321,1987,11308,25441.85,30865.4,36636.49,203,18,221,554.09,603.22,26.51,33633,8916.1083
11433,Jamaica,Queens,11433,40.69823,-73.787095,9183,1620,10803,25143.8,29579.5,36521.92,173,20,193,473.69,528.45,24.21,36239,8773.4619
11417,Ozone Park,Queens,11417,40.676457,-73.844522,8917,1682,10599,28726.21,34144.79,31041.34,112,8,120,360.81,386.58,27.76,30487,8463.191200000001
11102,Astoria (North),Queens,11102,40.772498,-73.925912,8524,1967,10491,28371.01,34917.91,30044.75,152,35,187,505.91,622.4,23.39,34787,8136.6793
11105,Ditmars Steinway,Queens,11105,40.778969,-73.906286,8381,2880,11261,23158.42,31116.46,36189.85,126,22,148,348.16,408.95,23.61,34187,8071.5507
11370,Jackson Heights/Rikers Island,Queens,11370,40.763466,-73.891021,8285,1818,10103,26072.04,31793.1,31777.34,106,19,125,333.57,393.36,25.33,31282,7923.730599999999
11423,Hollis/Holliswood,Queens,11423,40.71491,-73.767865,8014,1391,9405,25736.71,30203.86,31138.4,172,40,212,552.37,680.83,23.91,32182,7694.7162
11358,Auburndale/Murray Hill,Queens,11358,40.760475,-73.79637,7974,2054,10028,22134.87,27836.52,36024.61,108,13,121,299.8,335.88,22.74,33634,7648.3715999999995
11414,Hamilton Beach/Howard Beach/Lindenwood,Queens,11414,40.658266,-73.844905,7967,1427,9394,28093.97,33125.99,28358.4,152,16,168,536,592.42,31.2,24170,7541.04
11416,Ozone Park,Queens,11416,40.684652,-73.849549,7947,1000,8947,30114.11,33903.48,26389.62,118,9,127,447.15,481.25,26.85,28338,7608.753000000001
11422,Rosedale,Queens,11422,40.660819,-73.73608,7854,1324,9178,24248.93,28336.73,32389.06,122,14,136,376.67,419.89,25.82,28879,7456.5578
11364,Bayside (South)/Oakland Gardens,Queens,11364,40.745279,-73.760578,7010,1509,8519,19642.3,23870.57,35688.29,73,13,86,204.55,240.98,22.35,30251,6761.098500000001
11429,Queens Village,Queens,11429,40.709772,-73.738731,6954,1399,8353,21617.56,25966.56,32168.3,135,14,149,419.67,463.19,23.89,27875,6659.3375
11356,College Point,Queens,11356,40.784867,-73.841495,6391,1401,7792,28013.48,34154.44,22814.02,75,4,79,328.75,346.28,24.94,24627,6141.973800000001
11104,Sunnyside,Queens,11104,40.744658,-73.920205,6275,1276,7551,24668.72,29685.01,25437.08,78,16,94,306.64,369.54,23.04,26008,5992.2432
11427,Bellerose/Hollis Hills/Holliswood,Queens,11427,40.730915,-73.745611,5764,1046,6810,24451.89,28889.2,23572.82,88,8,96,373.31,407.25,25.06,22652,5676.5912
11361,Bayside (North)/Bayside (South),Queens,11361,40.763748,-73.772419,5745,1600,7345,21785.63,27852.99,26370.6,118,21,139,447.47,527.1,22.39,24903,5575.7817000000005
11694,Belle Harbor-Neponsit/Rockaway Park,Queens,11694,40.577599,-73.844553,5631,869,6500,27098.95,31280.98,20779.4,111,23,134,534.18,644.87,28.9,18529,5354.880999999999
11692,Arverne/Edgemere,Queens,11692,40.592794,-73.792203,5062,627,5689,24071.37,27052.95,21029.13,124,29,153,589.66,727.56,25.42,19098,4854.7116000000005
11415,Kew Gardens,Queens,11415,40.708323,-73.828212,5000,714,5714,26492.83,30276.01,18873.03,87,11,98,460.98,519.26,25.66,18663,4788.9258
11436,South Jamaica/South Ozone Park,Queens,11436,40.675819,-73.796618,4995,829,5824,24921.99,29058.19,20042.54,80,9,89,399.15,444.06,24.75,19266,4768.335
11428,Queens Village,Queens,11428,40.721015,-73.742206,4893,1059,5952,26333.46,32032.86,18580.92,95,10,105,511.28,565.1,24.43,19096,4665.1528
11426,Bellerose,Queens,11426,40.736521,-73.722384,4847,877,5724,24038.39,28387.81,20163.58,68,4,72,337.24,357.08,26.57,17430,4631.151
11411,Cambria Heights,Queens,11411,40.694202,-73.735998,4699,807,5506,21980.43,25755.32,21378.1,82,10,92,383.57,430.35,25.08,17769,4456.4652
11004,Bellerose/Douglaston-Little Neck,Queens,"11004, 11005",40.748068,-73.710907,3880,643,4523,20475.48,23868.71,18949.5,105,31,136,554.1,717.7,20.78,19300,4010.5400000000004
11360,Bayside (North),Queens,11360,40.78205,-73.7808,3845,865,4710,20188.61,24730.4,19045.39,79,11,90,414.8,472.56,22.39,16599,3716.5161000000003
11362,Douglaston-Little Neck,Queens,11362,40.756533,-73.736995,3508,946,4454,19379.38,24605.4,18101.72,82,10,92,453,508.24,22,15472,3403.84
11366,Fresh Meadows/Hillcrest,Queens,11366,40.728136,-73.784981,3187,596,3783,22430.81,26625.59,14208.14,54,10,64,380.06,450.45,23.91,12574,3006.4434
11693,Arverne/Broad Channel,Queens,11693,40.603699,-73.821926,3131,471,3602,24707.74,28424.56,12672.14,51,12,63,402.46,497.15,28.2,10479,2955.0779999999995
11109,Long Island City,Queens,11109,40.746211,-73.956999,1695,184,1879,29413.01,32605.93,5762.76,3,0,3,52.06,52.06,20.74,7684,1593.6616
11697,Breezy Point,Queens,11697,40.55907,-73.907199,1410,208,1618,41560.84,47691.8,3392.62,18,3,21,530.56,618.99,28.81,4502,1297.0261999999998
11363,Douglaston-Little Neck,Queens,11363,40.772803,-73.746444,1208,370,1578,17935.32,23428.75,6735.31,13,1,14,193.01,207.86,19.1,6151,1174.8410000000001
